trade_date,price_type,city_name,peak_price,valley_price,spread,collected_at
2026-10-07,日前,东莞市,689.7134,378.9868,310.72659999999996,2026-10-08T13:56:37
2026-10-07,日前,中山市,1748.2285,380.5157,1367.7128,2026-10-08T13:56:37
2026-10-07,日前,云浮市,597.5321,380.5052,217.0269,2026-10-08T13:56:37
2026-10-07,日前,佛山市,971.1141,380.5144,590.5997,2026-10-08T13:56:37
2026-10-07,日前,广州市,911.4285,380.4542,530.9743,2026-10-08T13:56:37
2026-10-07,日前,惠州市,634.963,377.7637,257.1993,2026-10-08T13:56:37
2026-10-07,日前,揭阳市,513.5239,335.1711,178.3528,2026-10-08T13:56:37
2026-10-07,日前,梅州市,587.9453,388.9325,199.01279999999997,2026-10-08T13:56:37
2026-10-07,日前,汕头市,348.0353,209.438,138.59730000000002,2026-10-08T13:56:37
2026-10-07,日前,汕尾市,531.1203,373.8168,157.30350000000004,2026-10-08T13:56:37
2026-10-07,日前,江门市,926.9094,380.5072,546.4022,2026-10-08T13:56:37
2026-10-07,日前,河源市,589.3582,383.3512,206.007,2026-10-08T13:56:37
2026-10-07,日前,深圳市,687.6543,376.3107,311.34360000000004,2026-10-08T13:56:37
2026-10-07,日前,清远市,592.3634,380.4618,211.90159999999997,2026-10-08T13:56:37
2026-10-07,日前,湛江市,526.2782,379.771,146.50719999999995,2026-10-08T13:56:37
2026-10-07,日前,潮州市,592.7612,401.8338,190.92740000000003,2026-10-08T13:56:37
2026-10-07,日前,珠海市,1704.401,380.5159,1323.8851,2026-10-08T13:56:37
2026-10-07,日前,肇庆市,671.5543,380.4942,291.06010000000003,2026-10-08T13:56:37
2026-10-07,日前,茂名市,528.5616,380.531,148.0306,2026-10-08T13:56:37
2026-10-07,日前,阳江市,528.202,312.7679,215.4341,2026-10-08T13:56:37
2026-10-07,日前,韶关市,592.95,380.4438,212.50620000000004,2026-10-08T13:56:37
