trade_date,hour,price,price_type,collected_at
2026-10-07,0,436.3773,日前,2026-10-08T13:56:37
2026-10-07,1,424.5401,日前,2026-10-08T13:56:37
2026-10-07,2,394.277,日前,2026-10-08T13:56:37
2026-10-07,3,379.4006,日前,2026-10-08T13:56:37
2026-10-07,4,361.1022,日前,2026-10-08T13:56:37
2026-10-07,5,355.2028,日前,2026-10-08T13:56:37
2026-10-07,6,379.0101,日前,2026-10-08T13:56:37
2026-10-07,7,368.3076,日前,2026-10-08T13:56:37
2026-10-07,8,325.3485,日前,2026-10-08T13:56:37
2026-10-07,9,141.4556,日前,2026-10-08T13:56:37
2026-10-07,10,-38.44,日前,2026-10-08T13:56:37
2026-10-07,11,-23.608,日前,2026-10-08T13:56:37
2026-10-07,12,2.0289,日前,2026-10-08T13:56:37
2026-10-07,13,28.2098,日前,2026-10-08T13:56:37
2026-10-07,14,105.0324,日前,2026-10-08T13:56:37
2026-10-07,15,353.9772,日前,2026-10-08T13:56:37
2026-10-07,16,432.2662,日前,2026-10-08T13:56:37
2026-10-07,17,545.0973,日前,2026-10-08T13:56:37
2026-10-07,18,555.3636,日前,2026-10-08T13:56:37
2026-10-07,19,596.7244,日前,2026-10-08T13:56:37
2026-10-07,20,492.3076,日前,2026-10-08T13:56:37
2026-10-07,21,456.7757,日前,2026-10-08T13:56:37
2026-10-07,22,445.2362,日前,2026-10-08T13:56:37
2026-10-07,23,426.1528,日前,2026-10-08T13:56:37
